{
  "k_parameter_test": {
    "k_claimed": "0.04449",
    "k_baseline": "0.3",
    "enhancement_data": {
      "k": {
        "0": 0.01,
        "1": 0.01473684210526316,
        "2": 0.019473684210526317,
        "3": 0.024210526315789474,
        "4": 0.02894736842105263,
        "5": 0.03368421052631579,
        "6": 0.03842105263157895,
        "7": 0.04315789473684211,
        "8": 0.04789473684210527,
        "9": 0.052631578947368425,
        "10": 0.05736842105263158,
        "11": 0.06210526315789474,
        "12": 0.0668421052631579,
        "13": 0.07157894736842106,
        "14": 0.07631578947368421,
        "15": 0.08105263157894736,
        "16": 0.08578947368421053,
        "17": 0.09052631578947369,
        "18": 0.09526315789473684,
        "19": 0.1,
        "20": 0.1,
        "21": 0.1473684210526316,
        "22": 0.19473684210526315,
        "23": 0.24210526315789474,
        "24": 0.2894736842105263,
        "25": 0.33684210526315794,
        "26": 0.38421052631578945,
        "27": 0.43157894736842106,
        "28": 0.4789473684210527,
        "29": 0.5263157894736842,
        "30": 0.5736842105263158,
        "31": 0.6210526315789474,
        "32": 0.6684210526315789,
        "33": 0.7157894736842105,
        "34": 0.7631578947368421,
        "35": 0.8105263157894737,
        "36": 0.8578947368421053,
        "37": 0.9052631578947369,
        "38": 0.9526315789473684,
        "39": 1.0,
        "40": 0.04449,
        "41": 0.3
      },
      "mean_enhancement": {
        "0": 0.0,
        "1": -0.0046653779281795055,
        "2": -0.009287949119179507,
        "3": -0.01386828295040932,
        "4": -0.01840693922994189,
        "5": -0.022904468384102403,
        "6": -0.027361411640974765,
        "7": -0.031778301209926044,
        "8": -0.03615566045723857,
        "9": -0.040494004077944415,
        "10": -0.04479383826394423,
        "11": -0.0490556608685042,
        "12": -0.05327996156720897,
        "13": -0.057467222015457606,
        "14": -0.06161791600257712,
        "15": -0.06573250960263911,
        "16": -0.06981146132204755,
        "17": -0.0738552222439786,
        "18": -0.07786423616974188,
        "19": -0.08183893975713438,
        "20": -0.08183893975713438,
        "21": -0.11979012682774534,
        "22": -0.1547424286389367,
        "23": -0.18703339665338875,
        "24": -0.21695291958026136,
        "25": -0.24475107242074215,
        "26": -0.27064452651840043,
        "27": -0.29482180537444436,
        "28": -0.3174476114273891,
        "29": -0.33866640241406026,
        "30": -0.3586053594080912,
        "31": -0.3773768599277845,
        "32": -0.3950805468858162,
        "33": -0.4118050662809499,
        "34": -0.42762953237143647,
        "35": -0.4426247678182672,
        "36": -0.45685435732033286,
        "37": -0.47037554609725485,
        "38": -0.4832400088305543,
        "39": -0.4954945100537538,
        "40": -0.033013284785607784,
        "41": -0.22330550377928443
      },
      "std_enhancement": {
        "0": 0.0,
        "1": 8.673617379884035e-19,
        "2": 0.0,
        "3": 0.0,
        "4": 3.469446951953614e-18,
        "5": 0.0,
        "6": 3.469446951953614e-18,
        "7": 6.938893903907228e-18,
        "8": 0.0,
        "9": 0.0,
        "10": 0.0,
        "11": 0.0,
        "12": 0.0,
        "13": 0.0,
        "14": 6.938893903907228e-18,
        "15": 0.0,
        "16": 1.3877787807814457e-17,
        "17": 1.3877787807814457e-17,
        "18": 1.3877787807814457e-17,
        "19": 0.0,
        "20": 0.0,
        "21": 2.7755575615628914e-17,
        "22": 0.0,
        "23": 0.0,
        "24": 2.7755575615628914e-17,
        "25": 2.7755575615628914e-17,
        "26": 0.0,
        "27": 5.551115123125783e-17,
        "28": 5.551115123125783e-17,
        "29": 0.0,
        "30": 0.0,
        "31": 0.0,
        "32": 0.0,
        "33": 0.0,
        "34": 0.0,
        "35": 0.0,
        "36": 5.551115123125783e-17,
        "37": 5.551115123125783e-17,
        "38": 5.551115123125783e-17,
        "39": 0.0,
        "40": 0.0,
        "41": 2.7755575615628914e-17
      },
      "n_samples": {
        "0": 10,
        "1": 10,
        "2": 10,
        "3": 10,
        "4": 10,
        "5": 10,
        "6": 10,
        "7": 10,
        "8": 10,
        "9": 10,
        "10": 10,
        "11": 10,
        "12": 10,
        "13": 10,
        "14": 10,
        "15": 10,
        "16": 10,
        "17": 10,
        "18": 10,
        "19": 10,
        "20": 10,
        "21": 10,
        "22": 10,
        "23": 10,
        "24": 10,
        "25": 10,
        "26": 10,
        "27": 10,
        "28": 10,
        "29": 10,
        "30": 10,
        "31": 10,
        "32": 10,
        "33": 10,
        "34": 10,
        "35": 10,
        "36": 10,
        "37": 10,
        "38": 10,
        "39": 10,
        "40": 10,
        "41": 10
      }
    },
    "claimed_k_enhancement": -0.033013284785607784,
    "baseline_k_enhancement": -0.22330550377928443,
    "optimal_k_found": 0.01,
    "optimal_enhancement": 0.0,
    "k_claim_falsified": false,
    "enhancement_ratio_claimed_vs_optimal": "0"
  },
  "density_boost_test": {
    "claimed_boost_pct": "210.0",
    "actual_boosts": [
      -99.96146423177767,
      -99.95842356729636,
      -99.95495382720158,
      -99.95681243706335,
      -99.95817662304164,
      -99.95702807538038,
      -99.95884330811536,
      -99.95931885812664,
      -99.96050132884912,
      -99.95763910630195,
      -99.95912564953726,
      -99.95817662304164,
      -99.95586501759152,
      -99.9598148409199,
      -99.96124248480017,
      -99.95885423950763,
      -99.96080116693985,
      -99.95818791140249,
      -99.95745295571167,
      -99.95741787018862
    ],
    "mean_boost_pct": -99.95850500613975,
    "std_boost_pct": 0.0016807131313126644,
    "median_boost_pct": -99.95830573934943,
    "confidence_interval_95": "(-99.95931203861697, -99.95769797366252)",
    "t_statistic": -803871.7463684569,
    "p_value": 1.6086522362517734e-101,
    "n_samples": "20",
    "boost_claim_falsified": true,
    "max_observed_boost": -99.95495382720158,
    "min_observed_boost": -99.96146423177767
  },
  "biological_relevance_test": {
    "real_sequences": [
      {
        "z_mean": "10.27508973649933",
        "z_variance": "33.2696751307227",
        "phi_convergence": "9.657055747749435"
      },
      {
        "z_mean": "9.887535073292065",
        "z_variance": "33.871822192371596",
        "phi_convergence": "9.26950108454217"
      },
      {
        "z_mean": "9.560892360267689",
        "z_variance": "30.327270814966116",
        "phi_convergence": "8.942858371517794"
      },
      {
        "z_mean": "9.710465423976741",
        "z_variance": "30.333417994209775",
        "phi_convergence": "9.092431435226846"
      },
      {
        "z_mean": "9.931890603200841",
        "z_variance": "33.98053951253891",
        "phi_convergence": "9.313856614450946"
      },
      {
        "z_mean": "9.643762598631843",
        "z_variance": "27.896428135651416",
        "phi_convergence": "9.025728609881948"
      },
      {
        "z_mean": "9.849284514315272",
        "z_variance": "29.471834122382365",
        "phi_convergence": "9.231250525565377"
      },
      {
        "z_mean": "10.015373371692998",
        "z_variance": "32.61495024193895",
        "phi_convergence": "9.397339382943104"
      },
      {
        "z_mean": "10.125942112556514",
        "z_variance": "30.090047368186877",
        "phi_convergence": "9.507908123806619"
      },
      {
        "z_mean": "9.775573074446962",
        "z_variance": "30.59461317678266",
        "phi_convergence": "9.157539085697067"
      },
      {
        "z_mean": "9.91056112250987",
        "z_variance": "31.786638966540952",
        "phi_convergence": "9.292527133759975"
      },
      {
        "z_mean": "9.83397287164704",
        "z_variance": "31.822682167401023",