{
  "k_parameter_test": {
    "k_claimed": "0.04449",
    "k_baseline": "0.3",
    "enhancement_data": {
      "k": {
        "0": 0.01,
        "1": 0.01473684210526316,
        "2": 0.019473684210526317,
        "3": 0.024210526315789474,
        "4": 0.02894736842105263,
        "5": 0.03368421052631579,
        "6": 0.03842105263157895,
        "7": 0.04315789473684211,
        "8": 0.04789473684210527,
        "9": 0.052631578947368425,
        "10": 0.05736842105263158,
        "11": 0.06210526315789474,
        "12": 0.0668421052631579,
        "13": 0.07157894736842106,
        "14": 0.07631578947368421,
        "15": 0.08105263157894736,
        "16": 0.08578947368421053,
        "17": 0.09052631578947369,
        "18": 0.09526315789473684,
        "19": 0.1,
        "20": 0.1,
        "21": 0.1473684210526316,
        "22": 0.19473684210526315,
        "23": 0.24210526315789474,
        "24": 0.2894736842105263,
        "25": 0.33684210526315794,
        "26": 0.38421052631578945,
        "27": 0.43157894736842106,
        "28": 0.4789473684210527,
        "29": 0.5263157894736842,
        "30": 0.5736842105263158,
        "31": 0.6210526315789474,
        "32": 0.6684210526315789,
        "33": 0.7157894736842105,
        "34": 0.7631578947368421,
        "35": 0.8105263157894737,
        "36": 0.8578947368421053,
        "37": 0.9052631578947369,
        "38": 0.9526315789473684,
        "39": 1.0,
        "40": 0.04449,
        "41": 0.3
      },
      "mean_enhancement": {
        "0": 0.0,
        "1": -0.004665377928179509,
        "2": -0.009287949119179928,
        "3": -0.013868282950409741,
        "4": -0.018406939229942458,
        "5": -0.0229044683841031,
        "6": -0.0273614116409756,
        "7": -0.03177830120992688,
        "8": -0.036155660457239704,
        "9": -0.04049400407794568,
        "10": -0.04479383826394563,
        "11": -0.04905566086850561,
        "12": -0.0532799615672108,
        "13": -0.0574672220154593,
        "14": -0.06161791600257908,
        "15": -0.06573250960264096,
        "16": -0.06981146132204939,
        "17": -0.07385522224398058,
        "18": -0.07786423616974425,
        "19": -0.08183893975713677,
        "20": -0.08183893975713677,
        "21": -0.11979012682774845,
        "22": -0.15474242863894022,
        "23": -0.18703339665339286,
        "24": -0.2169529195802657,
        "25": -0.24475107242074653,
        "26": -0.2706445265184049,
        "27": -0.29482180537444913,
        "28": -0.31744761142739397,
        "29": -0.3386664024140652,
        "30": -0.35860535940809607,
        "31": -0.3773768599277895,
        "32": -0.39508054688582106,
        "33": -0.41180506628095503,
        "34": -0.42762953237144136,
        "35": -0.44262476781827226,
        "36": -0.45685435732033775,
        "37": -0.4703755460972598,
        "38": -0.4832400088305594,
        "39": -0.4954945100537588,
        "40": -0.0330132847856089,
        "41": -0.22330550377928896
      },
      "std_enhancement": {
        "0": 0.0,
        "1": 8.673617379884035e-19,
        "2": 1.734723475976807e-18,
        "3": 0.0,
        "4": 3.469446951953614e-18,
        "5": 3.469446951953614e-18,
        "6": 3.469446951953614e-18,
        "7": 6.938893903907228e-18,
        "8": 6.938893903907228e-18,
        "9": 0.0,
        "10": 6.938893903907228e-18,
        "11": 0.0,
        "12": 6.938893903907228e-18,
        "13": 6.938893903907228e-18,
        "14": 0.0,
        "15": 1.3877787807814457e-17,
        "16": 0.0,
        "17": 0.0,
        "18": 0.0,
        "19": 0.0,
        "20": 0.0,
        "21": 1.3877787807814457e-17,
        "22": 0.0,
        "23": 0.0,
        "24": 2.7755575615628914e-17,
        "25": 2.7755575615628914e-17,
        "26": 5.551115123125783e-17,
        "27": 0.0,
        "28": 5.551115123125783e-17,
        "29": 5.551115123125783e-17,
        "30": 0.0,
        "31": 5.551115123125783e-17,
        "32": 0.0,
        "33": 5.551115123125783e-17,
        "34": 0.0,
        "35": 0.0,
        "36": 0.0,
        "37": 0.0,
        "38": 5.551115123125783e-17,
        "39": 5.551115123125783e-17,
        "40": 0.0,
        "41": 0.0
      },
      "n_samples": {
        "0": 10,
        "1": 10,
        "2": 10,
        "3": 10,
        "4": 10,
        "5": 10,
        "6": 10,
        "7": 10,
        "8": 10,
        "9": 10,
        "10": 10,
        "11": 10,
        "12": 10,
        "13": 10,
        "14": 10,
        "15": 10,
        "16": 10,
        "17": 10,
        "18": 10,
        "19": 10,
        "20": 10,
        "21": 10,
        "22": 10,
        "23": 10,
        "24": 10,
        "25": 10,
        "26": 10,
        "27": 10,
        "28": 10,
        "29": 10,
        "30": 10,
        "31": 10,
        "32": 10,
        "33": 10,
        "34": 10,
        "35": 10,
        "36": 10,
        "37": 10,
        "38": 10,
        "39": 10,
        "40": 10,
        "41": 10
      }
    },
    "claimed_k_enhancement": -0.0330132847856089,
    "baseline_k_enhancement": -0.22330550377928896,
    "optimal_k_found": 0.01,
    "optimal_enhancement": 0.0,
    "k_claim_falsified": false,
    "enhancement_ratio_claimed_vs_optimal": "0"
  },
  "density_boost_test": {
    "claimed_boost_pct": "210.0",
    "actual_boosts": [
      -99.96146423177767,
      -99.95842356729636,
      -99.95495382720158,
      -99.95681243706335,
      -99.95817662304164,
      -99.95702807538038,
      -99.95884330811536,
      -99.95931885812664,
      -99.96050132884912,
      -99.95763910630195,
      -99.95912564953726,
      -99.95817662304164,
      -99.95586501759152,
      -99.9598148409199,
      -99.96124248480017,
      -99.95885423950763,
      -99.96080116693985,
      -99.95818791140249,
      -99.95745295571167,
      -99.95741787018862
    ],
    "mean_boost_pct": -99.95850500613975,
    "std_boost_pct": 0.0016807131313126644,
    "median_boost_pct": -99.95830573934943,
    "confidence_interval_95": "(np.float64(-99.95931203861697), np.float64(-99.95769797366252))",
    "t_statistic": -803871.7463684569,
    "p_value": 1.6086522362517734e-101,
    "n_samples": "20",
    "boost_claim_falsified": true,
    "max_observed_boost": -99.95495382720158,
    "min_observed_boost": -99.96146423177767
  },
  "biological_relevance_test": {
    "real_sequences": [
      {
        "z_mean": "10.275089736499266",
        "z_variance": "33.269675130722774",
        "phi_convergence": "9.657055747749371"
      },
      {
        "z_mean": "9.887535073292009",
        "z_variance": "33.871822192371546",
        "phi_convergence": "9.269501084542114"
      },
      {
        "z_mean": "9.560892360267621",
        "z_variance": "30.327270814966063",
        "phi_convergence": "8.942858371517726"
      },
      {
        "z_mean": "9.710465423976673",
        "z_variance": "30.33341799420978",
        "phi_convergence": "9.092431435226779"
      },
      {
        "z_mean": "9.931890603200774",
        "z_variance": "33.980539512538925",
        "phi_convergence": "9.313856614450879"
      },
      {
        "z_mean": "9.643762598631787",
        "z_variance": "27.896428135651394",
        "phi_convergence": "9.025728609881892"
      },
      {
        "z_mean": "9.849284514315206",
        "z_variance": "29.47183412238241",
        "phi_convergence": "9.231250525565311"
      },
      {
        "z_mean": "10.015373371692938",
        "z_variance": "32.61495024193892",
        "phi_convergence": "9.397339382943043"
      },
      {
        "z_mean": "10.125942112556451",
        "z_variance": "30.0900473681869",
        "phi_convergence": "9.507908123806557"
      },
      {
        "z_mean": "9.775573074446903",
        "z_variance": "30.594613176782605",
        "phi_convergence": "9.157539085697008"
      },
      {
        "z_mean": "9.910561122509815",
        "z_variance": "31.78663896654092",